,precision,recall,accuracy,f1
0,0.9552238805970149,0.9481481481481482,0.9248554913294798,0.9516728624535316
