,precision,recall,accuracy,f1
0,0.5258855585831063,0.49870801033591733,0.5073627844712182,0.5119363395225465
