,precision,recall,accuracy,f1
0,0.5421052631578948,0.5421052631578948,0.518005540166205,0.5421052631578948
