,precision,recall,accuracy,f1
0,0.5174418604651163,0.49216589861751153,0.5021357380161366,0.5044874822862542
