,precision,recall,accuracy,f1
0,0.5409090909090909,0.5288888888888889,0.5273972602739726,0.5348314606741572
