,precision,recall,accuracy,f1
0,0.5226781857451404,0.5170940170940171,0.5164954029204976,0.5198711063372717
