,precision,recall,accuracy,f1
0,0.9138576779026217,0.953125,0.9062918340026773,0.9330783938814532
