,precision,recall,accuracy,f1
0,0.5076142131979695,0.5291005291005291,0.506631299734748,0.5181347150259067
