,precision,recall,accuracy,f1
0,0.5184397163120568,0.4993169398907104,0.5232950708980418,0.5086986778009743
