,precision,recall,accuracy,f1
0,0.5094890510948905,0.4840499306518724,0.508674531575295,0.49644381223328593
