,precision,recall,accuracy,f1
0,0.8924763935424916,0.8932926829268293,0.8780360860513532,0.8928843516684444
