,precision,recall,accuracy,f1
0,0.9632352941176471,0.9458483754512635,0.9307479224376731,0.9544626593806922
