,precision,recall,accuracy,f1
0,0.8989690721649485,0.9040953862104717,0.8864042933810375,0.9015249418454381
