,precision,recall,accuracy,f1
0,0.5343228200371057,0.5353159851301115,0.5317757009345795,0.5348189415041782
