,precision,recall,accuracy,f1
0,0.9233870967741935,0.89453125,0.8779840848806366,0.9087301587301587
