,precision,recall,accuracy,f1
0,0.5116696588868941,0.5287569573283859,0.508411214953271,0.5200729927007299
