,precision,recall,accuracy,f1
0,0.8238247375627568,0.8200817810086325,0.7885343428880476,0.8219489981785064
