,precision,recall,accuracy,f1
0,0.551440329218107,0.5537190082644629,0.5045662100456622,0.5525773195876289
