,precision,recall,accuracy,f1
0,0.5450236966824644,0.5897435897435898,0.5124653739612188,0.5665024630541873
