,precision,recall,accuracy,f1
0,0.5213032581453634,0.5279187817258884,0.5199490662139219,0.5245901639344261
