,precision,recall,accuracy,f1
0,0.8952380952380953,0.8980891719745223,0.8902768399729912,0.8966613672496025
