,precision,recall,accuracy,f1
0,0.8237639553429027,0.8488085456039441,0.8077835785476981,0.8360987454471873
