,precision,recall,accuracy,f1
0,0.9162717219589257,0.9199048374306106,0.9017560512577124,0.9180846853977047
