,precision,recall,accuracy,f1
0,0.5051546391752577,0.5697674418604651,0.5086705202312138,0.53551912568306
