,precision,recall,accuracy,f1
0,0.9375,0.9514925373134329,0.9168975069252078,0.9444444444444444
