,precision,recall,accuracy,f1
0,0.4968017057569296,0.4906984906984907,0.5026023594725885,0.4937312378597916
