,precision,recall,accuracy,f1
0,0.781691399964241,0.7732578705341351,0.748871275208187,0.7774517649150885
