,precision,recall,accuracy,f1
0,0.5303030303030303,0.5298570227081582,0.5258913412563667,0.5300799326882625
