,precision,recall,accuracy,f1
0,0.46634615384615385,0.41452991452991456,0.4337899543378995,0.4389140271493213
