,precision,recall,accuracy,f1
0,0.48548727095832656,0.48407437348423604,0.49976418802075145,0.48477979274611405
