,precision,recall,accuracy,f1
0,0.8460481099656357,0.8419972640218878,0.8068760611205433,0.8440178265341104
