,precision,recall,accuracy,f1
0,0.8638392857142857,0.9,0.8487272727272728,0.8815489749430524
