,precision,recall,accuracy,f1
0,0.7805486284289277,0.7781230577998757,0.7539902845246357,0.7793339558045439
