,precision,recall,accuracy,f1
0,0.4802568218298555,0.4818035426731079,0.4925326206571294,0.4810289389067524
