,precision,recall,accuracy,f1
0,0.48530805687203793,0.49468599033816424,0.49406739439962033,0.48995215311004786
