,precision,recall,accuracy,f1
0,0.9257028112449799,0.8934108527131783,0.8768406961178046,0.9092702169625246
