,precision,recall,accuracy,f1
0,0.5048644173049058,0.483161648177496,0.49824420587940205,0.49377467354995447
