,precision,recall,accuracy,f1
0,0.919852602487333,0.9052583862194016,0.8964305029745808,0.9124971441626685
