,precision,recall,accuracy,f1
0,0.5138888888888888,0.5211267605633803,0.49818181818181817,0.5174825174825174
