,precision,recall,accuracy,f1
0,0.9257975034674064,0.9232365145228216,0.9074702886247877,0.9245152354570637
