,precision,recall,accuracy,f1
0,0.9203539823008849,0.942242355605889,0.9105454545454545,0.9311695579182988
