,precision,recall,accuracy,f1
0,0.5907859078590786,0.545,0.5542168674698795,0.5669700910273082
