,precision,recall,accuracy,f1
0,0.5064377682403434,0.49303621169916434,0.4843636363636364,0.49964714184897674
