,precision,recall,accuracy,f1
0,0.7821482602118003,0.8027950310559007,0.7703389830508475,0.7923371647509577
