,precision,recall,accuracy,f1
0,0.5284946236559139,0.5267952840300107,0.5240670632774472,0.5276435856146
