,precision,recall,accuracy,f1
0,0.9471698113207547,0.9194139194139194,0.9178082191780822,0.9330855018587361
