,precision,recall,accuracy,f1
0,0.49459783913565425,0.4975845410628019,0.5008944543828264,0.4960866947621914
