,precision,recall,accuracy,f1
0,0.4998006379585327,0.5034136546184739,0.5001504966389084,0.5016006402561025
