,precision,recall,accuracy,f1
0,0.8851499634235552,0.8860574106619801,0.8771419588115076,0.8856034545853765
