,precision,recall,accuracy,f1
0,0.48346055979643765,0.49222797927461137,0.4927966101694915,0.4878048780487805
