,precision,recall,accuracy,f1
0,0.8883861236802413,0.8870481927710844,0.8607476635514019,0.8877166541070082
