,precision,recall,accuracy,f1
0,0.9037593984962407,0.9289026275115919,0.897196261682243,0.916158536585366
