,precision,recall,accuracy,f1
0,0.7511084835944428,0.7525544202576633,0.7362836032070429,0.7518307567127747
