,precision,recall,accuracy,f1
0,0.9042031523642732,0.9051542776998598,0.8908397712451088,0.9046784650429297
