,precision,recall,accuracy,f1
0,0.8964834076275384,0.9402597402597402,0.9033989266547406,0.9178498985801217
