,precision,recall,accuracy,f1
0,0.9091448931116389,0.9404176904176904,0.9155975692099932,0.9245169082125604
