,precision,recall,accuracy,f1
0,0.9384615384615385,0.953125,0.9224376731301939,0.9457364341085271
