,precision,recall,accuracy,f1
0,0.7682077264091197,0.8257317903335603,0.7359932088285229,0.7959317585301837
