,precision,recall,accuracy,f1
0,0.8418277680140598,0.935546875,0.8353413654618473,0.8862164662349676
