,precision,recall,accuracy,f1
0,0.8831615120274914,0.927797833935018,0.850415512465374,0.9049295774647887
