,precision,recall,accuracy,f1
0,0.5185546875,0.4995296331138288,0.5135263407688657,0.5088643986583613
