,precision,recall,accuracy,f1
0,0.9330708661417323,0.9526574363555158,0.9299621416982152,0.9427624309392265
