,precision,recall,accuracy,f1
0,0.9146567717996289,0.9723865877712031,0.9196787148594378,0.9426386233269598
