,precision,recall,accuracy,f1
0,0.6804400321974778,0.785139318885449,0.672970159611381,0.7290498778208998
