,precision,recall,accuracy,f1
0,0.5308098591549296,0.49184339314845027,0.5093378607809848,0.510584250635055
