,precision,recall,accuracy,f1
0,0.505800464037123,0.5633074935400517,0.4886211512717537,0.5330073349633252
