,precision,recall,accuracy,f1
0,0.46616541353383456,0.656084656084656,0.4509283819628647,0.5450549450549449
