,precision,recall,accuracy,f1
0,0.45627376425855515,0.5660377358490566,0.4634703196347032,0.5052631578947369
