,precision,recall,accuracy,f1
0,0.7177476835352815,0.7681159420289855,0.7033898305084746,0.7420781134856301
