,precision,recall,accuracy,f1
0,0.9029850746268657,0.9603174603174603,0.9045092838196287,0.9307692307692308
