,precision,recall,accuracy,f1
0,0.7748279252704031,0.9057471264367816,0.7738181818181818,0.8351881293057764
