,precision,recall,accuracy,f1
0,0.8876404494382022,0.9634146341463414,0.910958904109589,0.9239766081871345
