,precision,recall,accuracy,f1
0,0.5203488372093024,0.7574047954866009,0.5149090909090909,0.6168868466398622
