,precision,recall,accuracy,f1
0,0.57,0.6,0.5317919075144508,0.5846153846153846
