,precision,recall,accuracy,f1
0,0.549889135254989,0.6342710997442456,0.536813922356091,0.5890736342042755
