,precision,recall,accuracy,f1
0,0.5024595924104006,0.2487821851078636,0.5026023594725885,0.33279031882708865
