,precision,recall,accuracy,f1
0,0.9048307781313277,0.9210836277974087,0.9061468322590788,0.9128848679410477
