,precision,recall,accuracy,f1
0,0.5097087378640777,0.47297297297297297,0.502283105022831,0.4906542056074766
