,precision,recall,accuracy,f1
0,0.4964788732394366,0.18455497382198952,0.5183147303883038,0.2690839694656489
