,precision,recall,accuracy,f1
0,0.663606121091151,0.7357627618766598,0.6605093538751768,0.697824109704051
