,precision,recall,accuracy,f1
0,0.7085544801748361,0.7921465968586388,0.6931875188120799,0.748022412656559
