,precision,recall,accuracy,f1
0,0.8308823529411765,0.9576271186440678,0.838150289017341,0.8897637795275591
