,precision,recall,accuracy,f1
0,0.5010337698139214,0.6161016949152542,0.5004244482173175,0.5526415811478524
