,precision,recall,accuracy,f1
0,0.4958382877526754,0.28464163822525596,0.5030384875084403,0.3616652211621856
