,precision,recall,accuracy,f1
0,0.8943355119825708,0.960233918128655,0.9047272727272727,0.9261139311900733
