,precision,recall,accuracy,f1
0,0.5612009237875288,0.9959016393442623,0.5639269406392694,0.7178729689807976
