,precision,recall,accuracy,f1
0,0.49708029197080295,0.6656891495601173,0.5106786900806835,0.5691600501462599
