,precision,recall,accuracy,f1
0,0.9133910726182545,0.954070981210856,0.9168081494057725,0.9332879509870661
