,precision,recall,accuracy,f1
0,0.8189655172413793,0.8782742681047766,0.8084112149532711,0.8475836431226768
