,precision,recall,accuracy,f1
0,0.908672294704528,0.9540692989524577,0.916468913146654,0.9308176100628931
