,precision,recall,accuracy,f1
0,0.8995555555555556,0.9327188940092166,0.9031922276197085,0.9158371040723982
