,precision,recall,accuracy,f1
0,0.5127304653204565,0.8439306358381503,0.5178181818181818,0.6379027853631896
