,precision,recall,accuracy,f1
0,0.47942521227955587,0.6455584872471416,0.4915254237288136,0.5502248875562219
