,precision,recall,accuracy,f1
0,0.48250460405156537,0.5087378640776699,0.5009345794392523,0.49527410207939504
