,precision,recall,accuracy,f1
0,0.547568710359408,0.4850187265917603,0.5429906542056074,0.5143992055610725
