,precision,recall,accuracy,f1
0,0.5195880452342488,0.516148445336008,0.5193137353265777,0.5178625339639731
