,precision,recall,accuracy,f1
0,0.5466666666666666,0.8631578947368421,0.5512465373961218,0.6693877551020407
