,precision,recall,accuracy,f1
0,0.9361069836552749,0.9603658536585366,0.9355140186915888,0.9480812641083521
