,precision,recall,accuracy,f1
0,0.5262866629773104,0.5082843399251737,0.5197404002163332,0.5171288743882545
