,precision,recall,accuracy,f1
0,0.7624113475177305,0.8505494505494505,0.7449972958355868,0.8040723041761896
