,precision,recall,accuracy,f1
0,0.49222797927461137,0.47364672364672367,0.5055517002081887,0.4827586206896552
