,precision,recall,accuracy,f1
0,0.9102762051809916,0.9330050993493934,0.909300692284539,0.9215005210142411
