,precision,recall,accuracy,f1
0,0.5129099790648988,0.11951219512195121,0.5194937902845465,0.19385467493076616
