,precision,recall,accuracy,f1
0,0.7385287691187181,0.8060413354531002,0.7138111058376839,0.7708095781071835
