,precision,recall,accuracy,f1
0,0.5123694337548104,0.5631419939577039,0.5154008227149594,0.5365572826712722
