,precision,recall,accuracy,f1
0,0.5301204819277109,0.6839378238341969,0.5069252077562327,0.597285067873303
