,precision,recall,accuracy,f1
0,0.49935649935649934,0.6413223140495867,0.5083829096809086,0.5615050651230101
