,precision,recall,accuracy,f1
0,0.5070318282753515,0.40484633569739953,0.5011926058437687,0.4502136049950706
