,precision,recall,accuracy,f1
0,0.9468690702087287,0.9727095516569201,0.9437751004016064,0.9596153846153846
