,precision,recall,accuracy,f1
0,0.5110132158590308,0.4865188735769922,0.5081769840473562,0.49846531614487416
