,precision,recall,accuracy,f1
0,0.5174311926605505,0.7977369165487977,0.5134545454545455,0.6277128547579299
