,precision,recall,accuracy,f1
0,0.514018691588785,0.6179775280898876,0.5028901734104047,0.5612244897959183
