,precision,recall,accuracy,f1
0,0.9271255060728745,0.9541666666666667,0.9230769230769231,0.9404517453798769
