,precision,recall,accuracy,f1
0,0.5106837606837606,0.45610687022900764,0.5196261682242991,0.48185483870967744
