,precision,recall,accuracy,f1
0,0.9766536964980544,0.9400749063670412,0.9390581717451524,0.9580152671755725
