,precision,recall,accuracy,f1
0,0.9440993788819876,0.95,0.9364485981308411,0.9470404984423676
