,precision,recall,accuracy,f1
0,0.4959254947613504,0.3558897243107769,0.48983050847457626,0.4143968871595331
