,precision,recall,accuracy,f1
0,0.4968944099378882,0.7655502392344498,0.5182648401826484,0.6026365348399246
