,precision,recall,accuracy,f1
0,0.8189509306260575,0.9603174603174603,0.8299866131191432,0.8840182648401826
