,precision,recall,accuracy,f1
0,0.7703703703703704,0.9596309111880046,0.7941818181818182,0.854648176682075
