,precision,recall,accuracy,f1
0,0.9329153605015674,0.9335006273525721,0.9280891289669142,0.9332079021636877
