,precision,recall,accuracy,f1
0,0.9527397260273973,0.9527397260273973,0.9414261460101867,0.9527397260273973
