,precision,recall,accuracy,f1
0,0.9301892646602544,0.93134513824169,0.9226231783483692,0.9307668425954673
