,precision,recall,accuracy,f1
0,0.5175740868366644,0.633220910623946,0.5182512733446519,0.5695866514979143
