,precision,recall,accuracy,f1
0,0.5088377075522228,0.3359264497878359,0.5150936849410132,0.40468583599574015
