,precision,recall,accuracy,f1
0,0.893687707641196,0.9817518248175182,0.8975069252077562,0.9356521739130436
