,precision,recall,accuracy,f1
0,0.5088888888888888,0.11114706358194466,0.5160352145889011,0.1824458903200106
