,precision,recall,accuracy,f1
0,0.4966135822807981,0.55288363562258,0.5039630781579212,0.5232401157184186
