,precision,recall,accuracy,f1
0,0.6769092311648238,0.7673808482728465,0.677016192422575,0.7193114283762552
