,precision,recall,accuracy,f1
0,0.9459320288362513,0.9296558704453441,0.9272510435301133,0.9377233282286881
