,precision,recall,accuracy,f1
0,0.611764705882353,0.7464114832535885,0.5789473684210527,0.6724137931034483
