,precision,recall,accuracy,f1
0,0.5,0.4090909090909091,0.47480106100795755,0.45
