,precision,recall,accuracy,f1
0,0.7397959183673469,0.9125874125874126,0.7521222410865874,0.8171571696931746
