,precision,recall,accuracy,f1
0,0.950381679389313,0.9651162790697675,0.9497716894977168,0.9576923076923078
