,precision,recall,accuracy,f1
0,0.6951998811116065,0.8278180852946381,0.6965987759606702,0.7557350565428109
