,precision,recall,accuracy,f1
0,0.5148247978436657,0.35567970204841715,0.508411214953271,0.42070484581497797
