,precision,recall,accuracy,f1
0,0.5231388329979879,0.6683804627249358,0.5100401606425703,0.5869074492099322
