,precision,recall,accuracy,f1
0,0.5191570881226054,0.5834230355220668,0.5191995673336939,0.5494171312721744
