,precision,recall,accuracy,f1
0,0.7949061662198391,0.9265625,0.8130841121495327,0.8556998556998556
