,precision,recall,accuracy,f1
0,0.5641025641025641,0.9243697478991597,0.5707762557077626,0.7006369426751593
