,precision,recall,accuracy,f1
0,0.5213089802130898,0.5713094245204337,0.514855687606112,0.5451651412654198
