,precision,recall,accuracy,f1
0,0.4876237623762376,0.27097661623108665,0.5023632680621202,0.34836427939876213
