,precision,recall,accuracy,f1
0,0.49812734082397003,0.5076335877862596,0.5007119126720455,0.5028355387523629
