,precision,recall,accuracy,f1
0,0.740333586050038,0.8769645262685227,0.7406706327744726,0.8028776978417267
