,precision,recall,accuracy,f1
0,0.5013032145960035,0.5558766859344894,0.5087802562885619,0.5271813613522155
