,precision,recall,accuracy,f1
0,0.48977604673807207,0.6100667070952093,0.4958258795468098,0.5433432352146909
