,precision,recall,accuracy,f1
0,0.7069980379332897,0.8177004538577912,0.7080508474576271,0.7583304103823219
