,precision,recall,accuracy,f1
0,0.5536912751677853,0.859375,0.556786703601108,0.6734693877551021
