,precision,recall,accuracy,f1
0,0.9340350877192982,0.9327259985984583,0.9237483696197452,0.9333800841514727
