,precision,recall,accuracy,f1
0,0.4906832298136646,0.8633879781420765,0.4939759036144578,0.6257425742574256
