,precision,recall,accuracy,f1
0,0.9507829977628636,0.9550561797752809,0.9389090909090909,0.952914798206278
