,precision,recall,accuracy,f1
0,0.8633093525179856,0.9448818897637795,0.8497109826589595,0.9022556390977442
