,precision,recall,accuracy,f1
0,0.7028068244358833,0.7904673475704116,0.695176960444136,0.7440640932265112
