,precision,recall,accuracy,f1
0,0.5147679324894515,0.03927249315950426,0.5127338468794215,0.07297741887243905
