,precision,recall,accuracy,f1
0,0.506341005166745,0.38362989323843416,0.517175572519084,0.43652561247216043
