,precision,recall,accuracy,f1
0,0.521099116781158,0.7395543175487466,0.509090909090909,0.61139896373057
