,precision,recall,accuracy,f1
0,0.7192307692307692,0.8862559241706162,0.7237778832463218,0.7940552016985138
