,precision,recall,accuracy,f1
0,0.9342208300704777,0.9386309992132179,0.9231134314190793,0.9364207221350078
