,precision,recall,accuracy,f1
0,0.9177660510114336,0.9333631484794276,0.9207671749724886,0.9254988913525499
