,precision,recall,accuracy,f1
0,0.9518884892086331,0.9429844097995546,0.9364521362898864,0.9474155292011635
