,precision,recall,accuracy,f1
0,0.5,0.5590909090909091,0.4977168949771689,0.5278969957081545
