,precision,recall,accuracy,f1
0,0.5191585274229902,0.3679446219382322,0.5059491617090319,0.4306637581801184
