,precision,recall,accuracy,f1
0,0.3333333333333333,0.3333333333333333,0.42857142857142855,0.3333333333333333
