,precision,recall,accuracy,f1
0,0.5333333333333333,0.5561497326203209,0.5384615384615384,0.5445026178010473
