,precision,recall,accuracy,f1
0,0.69206349206349204,0.6794392523364486,0.6245454545454545,0.685693271176997
