,precision,recall,accuracy,f1
0,0.59595687331536387,0.5338491295938105,0.5549833887043189,0.563195906688001
