,precision,recall,accuracy,f1
0,0.5714285714285714,0.6,0.6363636363636364,0.5853658536585366
