,precision,recall,accuracy,f1
0,0.59752720079129575,0.6018958291758132,0.6247326176382061,0.5997035591116121
