,precision,recall,accuracy,f1
0,0.5254237288135594,0.5994827586206896,0.5999145299145299,0.5647654534810221
