,precision,recall,accuracy,f1
0,0.9723756906077348,0.9214659685863874,0.9090909090909091,0.946236559139785
