,precision,recall,accuracy,f1
0,0.6656565656565656,0.68695652173913045,0.5953075170842825,0.6761388356769799
