,precision,recall,accuracy,f1
0,0.9193083573487032,0.8812154696132597,0.8917682926829268,0.8998589562764456
