,precision,recall,accuracy,f1
0,0.9526315789473684,0.9783783783783784,0.9409090909090909,0.9653333333333334
