,precision,recall,accuracy,f1
0,0.581081081081081,0.6323529411764706,0.5913675213675214,0.6056338028169013
