,precision,recall,accuracy,f1
0,0.6007256894049347,0.5915870570107858,0.6368493150684932,0.5961213511046441
