,precision,recall,accuracy,f1
0,0.7822222222222222,0.6622317596566524,0.6335307517084282,0.7172432007716441
