,precision,recall,accuracy,f1
0,0.9469026548672567,0.9525222551928784,0.9225512528473804,0.9497041420118344
