,precision,recall,accuracy,f1
0,0.9384615384615385,0.9327217125382263,0.9043280182232346,0.9355828220858896
