,precision,recall,accuracy,f1
0,0.9208400646203554,0.9076433121019108,0.8984337921214998,0.9141940657578188
