,precision,recall,accuracy,f1
0,0.5555555555555556,0.5555555555555556,0.58857142857142855,0.5555555555555556
