,precision,recall,accuracy,f1
0,1.0,0.9436619718309859,0.9658119658119658,0.9710144927536231
