,precision,recall,accuracy,f1
0,0.9347826086956522,0.9347826086956522,0.9181818181818182,0.9347826086956522
