,precision,recall,accuracy,f1
0,0.6658914728682171,0.6239316239316239,0.6454545454545454,0.6442290404948533
