,precision,recall,accuracy,f1
0,0.8885869565217391,0.9095966620305981,0.8879573170731707,0.8989690721649485
