,precision,recall,accuracy,f1
0,0.5943083822007589,0.561602998928954,0.5583275503122832,0.577493007131001
