,precision,recall,accuracy,f1
0,0.5598290598290598,0.5368852459016393,0.5579726651480638,0.5481171548117155
