,precision,recall,accuracy,f1
0,0.9083969465648855,0.952,0.9181818181818182,0.9296875
