,precision,recall,accuracy,f1
0,0.8943114703139571,0.8982204183577895,0.8844552394170715,0.8962616822429906
