,precision,recall,accuracy,f1
0,0.8,1.0,0.8571428571428571,0.888888888888889
