,precision,recall,accuracy,f1
0,0.9061671673440537,0.8971308607417775,0.8877295073743353,0.9016263736263735
