,precision,recall,accuracy,f1
0,0.69,0.6675438596491229,0.6518181818181818,0.6785861979848744
