,precision,recall,accuracy,f1
0,0.9611650485436893,0.9428571428571428,0.9145299145299145,0.951923076923077
