,precision,recall,accuracy,f1
0,0.5344585091420534,0.5337078651685393,0.5878181818181818,0.5340829234012648
