,precision,recall,accuracy,f1
0,0.6,0.46733668341708545,0.5346260387811634,0.5254237288135594
