,precision,recall,accuracy,f1
0,0.9222737819025522,0.9106529209621993,0.8896499238964992,0.9164265129682997
