,precision,recall,accuracy,f1
0,0.6295109612141653,0.6658753709198813,0.6129573170731707,0.647182750656999
