,precision,recall,accuracy,f1
0,0.9190283400809717,0.9043824701195219,0.883289124668435,0.9116465863453815
