,precision,recall,accuracy,f1
0,0.6047619047619047,0.59074074074074076,0.590670731707317,0.5976691008340004
