,precision,recall,accuracy,f1
0,0.9378596087456847,0.9147025813692481,0.9054545454545454,0.9261363636363636
