,precision,recall,accuracy,f1
0,0.9636363636363636,0.9636363636363636,0.9445983379501385,0.9636363636363636
