,precision,recall,accuracy,f1
0,0.9011406844106464,0.9367588932806324,0.9043280182232346,0.9186046511627907
