,precision,recall,accuracy,f1
0,0.5338610378188214,0.8609929078014185,0.5432727272727272,0.6590662323561347
