,precision,recall,accuracy,f1
0,0.8901515151515151,0.9591836734693877,0.9111617312072893,0.9233791748526523
