,precision,recall,accuracy,f1
0,0.9113300492610837,0.9946236559139785,0.9136363636363637,0.9511568123393317
