,precision,recall,accuracy,f1
0,0.6025641025641025,0.7230769230769231,0.6111965811965812,0.6573426573426574
