,precision,recall,accuracy,f1
0,0.5027777777777778,0.9945054945054945,0.5213850415512465,0.6678966789667896
