,precision,recall,accuracy,f1
0,0.47540983606557374,0.42472701655512503,0.4960097154753643,0.44864156094871554
