,precision,recall,accuracy,f1
0,0.9375,1.0,0.9401709401709402,0.967741935483871
