,precision,recall,accuracy,f1
0,0.9154929577464789,0.9672619047619048,0.9066059225512528,0.9406657018813314
