,precision,recall,accuracy,f1
0,0.9214285714285714,0.9699248120300752,0.9318181818181818,0.945054945054945
