,precision,recall,accuracy,f1
0,0.9203354297693921,0.9585152838427947,0.9170909090909091,0.9390374331550803
