,precision,recall,accuracy,f1
0,0.4879518072289157,0.7570093457943925,0.5954545454545455,0.5934065934065934
