,precision,recall,accuracy,f1
0,0.49791840133222315,0.5706106870229007,0.5502373042240151,0.5317919075144508
