,precision,recall,accuracy,f1
0,0.5298245614035088,0.7587939698492462,0.5172413793103449,0.6239669421487603
