,precision,recall,accuracy,f1
0,0.5827272727272728,0.46582278481012656,0.59658314350797267,0.517758096555
