,precision,recall,accuracy,f1
0,0.5560081466395111,0.7679324894514767,0.6226179604261796,0.6450088600118133
