,precision,recall,accuracy,f1
0,0.5025125628140703,0.8928571428571429,0.5954545454545455,0.6430868167202572
