,precision,recall,accuracy,f1
0,0.9103472102262913,0.9368888888888889,0.9123106250627069,0.9234273698966182
