,precision,recall,accuracy,f1
0,0.9033457249070632,0.9759036144578314,0.9151193633952255,0.9382239382239382
