,precision,recall,accuracy,f1
0,0.9452054794520548,0.9857142857142858,0.9445983379501385,0.9650349650349651
