,precision,recall,accuracy,f1
0,0.49865229110512127,0.8258928571428571,0.5874715261958998,0.6218487394957982
