,precision,recall,accuracy,f1
0,0.5,0.16666666666666666,0.5714285714285714,0.25
