,precision,recall,accuracy,f1
0,0.9100687182551539,0.9326393141457441,0.9096113809854268,0.9212157870860427
