,precision,recall,accuracy,f1
0,0.9195979899497487,0.973404255319149,0.9045454545454545,0.9457364341085271
