,precision,recall,accuracy,f1
0,0.9136690647482014,0.9338235294117647,0.9045454545454545,0.9236363636363637
