,precision,recall,accuracy,f1
0,0.5248447204968945,0.7477876106194691,0.6216400911161732,0.6167883211678833
