,precision,recall,accuracy,f1
0,0.9038461538461539,0.9762611275964391,0.9020501138952164,0.9386590584878743
