,precision,recall,accuracy,f1
0,0.5979517363154797,0.5576833899660204,0.5464041336410153,0.5771159836892276
