,precision,recall,accuracy,f1
0,0.58072562358276644,0.5370429252782194,0.5776219512195121,0.55803070857761101
