,precision,recall,accuracy,f1
0,0.5389221556886228,0.7627118644067796,0.6027272727272727,0.631578947368421
