,precision,recall,accuracy,f1
0,1.0,0.9736842105263158,0.9829059829059829,0.9866666666666666
