,precision,recall,accuracy,f1
0,0.514018691588785,0.9166666666666666,0.5828205128205128,0.6586826347305389
