,precision,recall,accuracy,f1
0,0.8961748633879781,0.9174825174825175,0.8971036585365854,0.9067035245335177
