,precision,recall,accuracy,f1
0,0.8895966029723992,0.9665513264129181,0.8987823439878234,0.9264787175234936
