,precision,recall,accuracy,f1
0,0.9162264150943397,0.9544025157232704,0.9197911722828667,0.934924913361571
