,precision,recall,accuracy,f1
0,0.9158485273492286,0.9197183098591549,0.9108231707317073,0.9177793394237527
