,precision,recall,accuracy,f1
0,0.4909090909090909,0.2971698113207547,0.5499085365853658,0.37022526934378064
