,precision,recall,accuracy,f1
0,0.5629139072847682,0.7203389830508474,0.597,0.6319702602230484
