,precision,recall,accuracy,f1
0,0.47330960854092524,0.6333333333333333,0.5874715261958998,0.5417515274949083
