,precision,recall,accuracy,f1
0,0.9307260610312171,0.9404572036150983,0.9266579713053075,0.935566328779198
