,precision,recall,accuracy,f1
0,0.9181034482758621,0.9141630901287554,0.9108231707317073,0.9161290322580645
