,precision,recall,accuracy,f1
0,0.5270541082164328,0.739803094233474,0.6221818181818182,0.6155646576945581
