,precision,recall,accuracy,f1
0,0.9525462962962963,0.9459770114942528,0.936,0.9492502883506344
