,precision,recall,accuracy,f1
0,0.5014880952380952,0.6455938697318008,0.55640721404841,0.5644891122278057
