,precision,recall,accuracy,f1
0,0.48860759493670886,0.9061032863849765,0.59430523917995445,0.6348684210526315
