,precision,recall,accuracy,f1
0,0.9501607717041801,0.9463570856685348,0.9387755102040817,0.9482551143200963
