,precision,recall,accuracy,f1
0,0.9375,0.9533898305084746,0.9310344827586207,0.9453781512605043
