,precision,recall,accuracy,f1
0,0.9511494252873564,0.9792899408284024,0.9453302961275627,0.9650145772594751
