,precision,recall,accuracy,f1
0,0.5700934579439252,0.9384615384615385,0.6226495726495726,0.7093023255813953
