,precision,recall,accuracy,f1
0,0.9866666666666667,0.9135802469135802,0.9316239316239316,0.9487179487179487
