,precision,recall,accuracy,f1
0,0.9626865671641791,0.9555555555555556,0.95,0.9591078066914499
