,precision,recall,accuracy,f1
0,0.9671641791044776,0.9759036144578314,0.9567198177676538,0.9715142428785608
