,precision,recall,accuracy,f1
0,0.5090399002493765,0.6632818846466287,0.6176081067522825,0.5760141093474426
