,precision,recall,accuracy,f1
0,0.9245810055865922,0.9376770538243626,0.9253048780487805,0.9310829817158931
