,precision,recall,accuracy,f1
0,0.9306899781454886,0.9234820322180917,0.9186328938237335,0.9270719950241019
