,precision,recall,accuracy,f1
0,0.4846153846153846,0.1947449768160742,0.5707621951219512,0.27783902976846747
