,precision,recall,accuracy,f1
0,0.4980237154150198,0.6631578947368421,0.493368700265252,0.5688487584650113
