,precision,recall,accuracy,f1
0,0.563953488372093,0.7950819672131147,0.5454545454545454,0.6598639455782314
