,precision,recall,accuracy,f1
0,0.9601769911504425,0.9507119386637459,0.9383561643835616,0.9554210236653825
