,precision,recall,accuracy,f1
0,0.5,0.33914421553090335,0.5790548780487805,0.40415486307837584
