,precision,recall,accuracy,f1
0,0.9806949806949807,0.9442379182156134,0.9445983379501385,0.9621212121212123
