,precision,recall,accuracy,f1
0,1.0,0.5454545454545454,0.6428571428571429,0.7058823529411764
