,precision,recall,accuracy,f1
0,0.6593406593406593,0.47244094488188976,0.5545454545454546,0.5504587155963303
