,precision,recall,accuracy,f1
0,0.5641025641025641,0.7096774193548387,0.6455555555555556,0.6285714285714286
