,precision,recall,accuracy,f1
0,0.4995073891625616,0.3600852272727273,0.5411034004163775,0.4184894758563764
