,precision,recall,accuracy,f1
0,0.5178408051235133,0.8299120234604106,0.610654490106545,0.6377464788732394
