,precision,recall,accuracy,f1
0,0.5162162162162162,0.8681818181818182,0.5861958997722096,0.6474576271186441
