,precision,recall,accuracy,f1
0,0.5421052631578948,0.8803418803418803,0.5909090909090909,0.6710097719869706
