,precision,recall,accuracy,f1
0,0.5367647058823529,0.6636363636363637,0.6254545454545454,0.5934959349593496
