,precision,recall,accuracy,f1
0,0.5083056478405316,0.8225806451612904,0.4986149584487535,0.6283367556468172
