,precision,recall,accuracy,f1
0,0.9625668449197861,0.9782608695652174,0.95,0.9703504043126684
