,precision,recall,accuracy,f1
0,0.3333333333333333,0.125,0.35714285714285715,0.18181818181818182
