,precision,recall,accuracy,f1
0,0.9019607843137255,0.9504132231404959,0.9157175398633257,0.9255533199195172
