,precision,recall,accuracy,f1
0,0.9668508287292817,0.9615384615384616,0.9409090909090909,0.9641873278236914
