,precision,recall,accuracy,f1
0,0.9565217391304348,0.9496402877697842,0.9409090909090909,0.9530685920577617
